losses,recalls
0.9013427,1.0
1.0104358,0.132
1.0389109,0.11
1.0150102,0.148
0.9927691,0.13
0.9638926,0.158
0.9337169,0.126
0.9258137,0.204
0.9040053,0.172
0.8866642,0.158
0.8637945,0.22
0.8552511,0.19
0.8527333,0.228
0.8368104,0.226
0.8503931,0.166
0.8355318,0.232
0.8368542,0.218
0.809268,0.224
0.81162584,0.224
0.81627846,0.182
0.8078747,0.224
0.78815895,0.224
0.8038683,0.204
0.79276085,0.23
0.77926165,0.226
0.78978896,0.19
0.76883316,0.284
0.7500166,0.292
0.75460297,0.288
0.7477037,0.286
0.7495052,0.274
0.7471629,0.24
0.75159025,0.224
0.7483673,0.228
0.752894,0.204
0.7453635,0.254
0.73384833,0.224
0.7297679,0.256
0.72099,0.302
0.72541654,0.244
0.72630066,0.272
0.7190254,0.268
0.71233857,0.268
0.7102343,0.268
0.7089263,0.272
0.709077,0.29
0.7071597,0.286
0.70852774,0.276
0.698699,0.292
0.69728225,0.268
0.71094626,0.198
0.6836352,0.306
0.7021113,0.252
0.7035514,0.238
0.69943416,0.278
0.6916835,0.282
0.6868478,0.328
0.67685854,0.35
0.68702334,0.294
0.6885464,0.276
0.6850771,0.302
0.68349683,0.264
0.68338317,0.28
0.67470896,0.318
0.6738521,0.37
0.67943096,0.324
0.6844008,0.248
0.6796291,0.264
0.67739666,0.278
0.6743456,0.258
0.67343533,0.242
0.66485286,0.3
0.66889834,0.22
0.65606403,0.29
0.65743095,0.322
0.6609391,0.298
0.65491366,0.274
0.6631775,0.282
0.6713379,0.252
0.6705793,0.194
0.6553086,0.286
0.64966244,0.324
0.658653,0.276
0.644695,0.338
0.6513752,0.284
0.6465253,0.304
0.65780306,0.282
0.6471655,0.354
0.6543294,0.312
0.6477794,0.292
0.6425107,0.316
0.6362738,0.326
0.6424822,0.342
0.64004546,0.268
0.6370404,0.316
0.6383005,0.33
0.6349706,0.292
0.63484126,0.338
0.6424879,0.27
0.6214211,0.358
0.6385475,0.25
0.62728804,0.312
0.62872905,0.294
0.6270457,0.364
0.6229284,0.37
0.62434334,0.314
0.62891865,0.276
0.630486,0.326
0.6214055,0.34
0.6188886,0.358
0.61874825,0.31
0.6231189,0.28
0.6192516,0.346
0.624337,0.33
0.614686,0.382
0.6235393,0.31
0.6156146,0.342
0.6174887,0.338
0.61531013,0.34
0.6142197,0.344
0.610323,0.334
0.6188729,0.272
0.61083764,0.358
0.6160373,0.316
0.6125044,0.39
0.6079508,0.376
0.60726625,0.328
0.6142353,0.36
0.6037534,0.356
0.60517657,0.364
0.6127256,0.314
0.61075693,0.356
0.606647,0.33
0.60446703,0.388
0.60750616,0.356
0.6079646,0.316
0.6005519,0.372
0.61548364,0.282
0.61355895,0.322
0.60497135,0.348
0.6096475,0.32
0.5986632,0.348
0.60859495,0.334
0.60637975,0.324
0.60324305,0.312
0.59054506,0.388
0.59607685,0.394
0.5966819,0.326
0.60562885,0.354
0.60035354,0.384
0.5954574,0.38
0.5982003,0.36
0.5989038,0.332
0.59482956,0.394
0.60252094,0.326
0.60310346,0.3
0.59718543,0.362
0.5979229,0.322
0.5933511,0.398
0.5952236,0.38
0.59180456,0.35
0.59805644,0.324
0.59891224,0.332
0.59230804,0.346
0.5920867,0.356
0.58070123,0.408
0.59783864,0.312
0.5854888,0.342
0.5977643,0.282
0.5795188,0.406
0.5903089,0.364
0.58644575,0.36
0.5902602,0.326
0.58618045,0.364
0.5906369,0.368
0.5825804,0.418
0.58181643,0.422
0.5893723,0.36
0.5835117,0.36
0.5893629,0.348
0.5714455,0.464
0.5850087,0.34
0.58792657,0.312
0.58824867,0.322
0.5815222,0.404
0.5882711,0.38
0.58753777,0.35
0.5855744,0.358
0.584328,0.402
0.58300287,0.396
0.58016413,0.396
0.5861948,0.384
0.58742684,0.358
0.5831689,0.372
0.577358,0.388
0.58515704,0.344
0.5773518,0.396
0.5815404,0.382
0.5854889,0.324
0.57579964,0.432
0.58088475,0.408
0.5692598,0.418
0.5892626,0.294
0.5746305,0.448
0.5849997,0.342
0.57963985,0.34
0.57872355,0.37
0.5770471,0.394
0.5783027,0.408
0.57965076,0.352
0.57599545,0.388
0.57770216,0.378
0.581282,0.344
0.574932,0.4
0.5730864,0.428
0.5742985,0.424
0.57493806,0.42
0.57981884,0.36
0.570805,0.392
0.5794863,0.324
0.57116574,0.416
0.5776502,0.37
0.57106173,0.406
0.57194823,0.396
0.5734437,0.38
0.5748071,0.396
0.5768072,0.404
0.57495934,0.372
0.57183194,0.402
0.5747319,0.378
0.57172406,0.382
0.57859516,0.352
0.5758051,0.386
0.572104,0.426
0.5711589,0.396
0.57057565,0.384
0.57157546,0.354
0.5751613,0.362
0.5715064,0.424
0.5762598,0.374
0.57032573,0.422
0.57082725,0.374
0.5792427,0.304
0.5653399,0.444
0.56554705,0.456
0.5732869,0.374
0.56213295,0.42
0.5746048,0.396
0.57154644,0.378
0.5693663,0.39
0.56954426,0.36
0.56507444,0.444
0.56452626,0.422
0.5737879,0.31
0.56640273,0.406
0.56455195,0.44
0.5630121,0.416
0.570653,0.398
0.5751935,0.386
0.5647065,0.432
0.56190294,0.472
0.57216567,0.348
0.5688121,0.428
0.56497407,0.386
0.5666578,0.378
0.5618542,0.444
0.5715144,0.354
0.5727104,0.314
0.57115954,0.344
0.5655207,0.446
0.5690672,0.402
0.56657344,0.402
0.5613316,0.408
0.56625247,0.372
0.5676341,0.392
0.5693643,0.346
0.5658127,0.45
0.5692209,0.378
0.56630534,0.43
0.56495136,0.394
0.5678477,0.41
0.5611136,0.438
0.565598,0.388
0.5612067,0.396
0.5672799,0.388
0.55752796,0.432
0.566035,0.408
0.56786615,0.404
0.5637609,0.416
0.5718513,0.376
0.56873167,0.368
0.5560106,0.47
0.5685351,0.38
0.56712645,0.398
0.56065637,0.424
0.56165016,0.422
0.5671287,0.368
0.5687422,0.348
0.56406844,0.4
0.56122524,0.376
0.55840266,0.442
0.5580377,0.426
0.5690311,0.358
0.5611099,0.402
0.5597326,0.452
0.5600624,0.42
0.55152977,0.494
0.55994165,0.452
0.56266826,0.414
0.5622423,0.406
0.5557883,0.436
0.56094176,0.442
0.56347364,0.374
0.55929434,0.432
0.5554142,0.416
0.5562525,0.416
0.5579196,0.396
0.56497926,0.418
0.551641,0.456
0.5589579,0.386
0.5583733,0.462
0.5523265,0.46
0.5535991,0.444
0.554262,0.402
0.5535759,0.472
0.5566901,0.418
0.55252117,0.474
0.56030536,0.422
0.56018203,0.428
0.5544902,0.454
0.5577686,0.43
0.56533104,0.36
0.56257457,0.4
0.55758184,0.412
0.5501018,0.472
0.5586084,0.41
0.55747104,0.416
0.55347615,0.434
0.5574912,0.444
0.5587916,0.384
0.55437416,0.448
0.5575035,0.412
0.5503025,0.48
0.5584631,0.396
0.55395955,0.434
0.5497491,0.546
0.54227656,0.504
0.557438,0.39
0.5504532,0.448
0.5503444,0.462
0.5555699,0.436
0.55595136,0.408
0.55527264,0.44
0.55789125,0.418
0.54843545,0.464
0.55742526,0.448
0.549633,0.46
0.55721706,0.386
0.5537529,0.466
0.55282193,0.466
0.5583763,0.394
0.5499705,0.45
0.55517757,0.444
0.5538739,0.434
0.5545615,0.458
0.55151665,0.468
0.56074953,0.428
0.54933506,0.522
0.5557701,0.408
0.5555727,0.412
0.5539678,0.374
0.5547956,0.45
0.5564934,0.414
0.54801697,0.502
0.5501626,0.448
0.54343706,0.506
0.5533088,0.416
0.5537668,0.49
0.5473966,0.432
0.5515734,0.466
0.556825,0.436
0.5541274,0.466
0.5475709,0.486
0.5539578,0.47
0.5521406,0.492
0.55423456,0.454
0.55712616,0.432
0.551184,0.442
0.55117124,0.436
0.5514001,0.42
0.54733455,0.478
0.5586901,0.396
0.5545471,0.44
0.5591175,0.446
0.54992974,0.476
0.55338824,0.438
0.5497359,0.476
0.553225,0.478
0.55463225,0.42
0.5510649,0.44
0.5533251,0.424
0.5628159,0.388
0.5484192,0.492
0.5487091,0.494
0.5497707,0.48
0.54943424,0.434
0.54909104,0.49
0.55356973,0.426
0.55680645,0.372
0.5489896,0.466
0.5518651,0.414
0.5547325,0.446
0.5483766,0.47
0.5511713,0.446
0.5568015,0.41
0.5485076,0.438
0.5570911,0.392
0.5531003,0.446
0.5544901,0.42
0.5515819,0.422
0.5422863,0.486
0.5483961,0.464
0.5566312,0.4
0.54041165,0.516
0.5461833,0.472
0.55326366,0.416
0.5561128,0.444
0.5439148,0.468
0.5494744,0.416
0.5470266,0.496
0.54889965,0.464
0.5510046,0.406
0.54637045,0.448
0.54506,0.474
0.554266,0.384
0.5484601,0.458
0.548241,0.43
0.5505766,0.46
0.551135,0.428
0.549878,0.492
0.5503507,0.45
0.55147666,0.424
0.5547766,0.376
0.5448706,0.48
0.5540556,0.438
0.55063874,0.45
0.55278,0.472
0.54961026,0.442
0.5397155,0.532
0.54468447,0.514
0.54892266,0.434
0.53995717,0.532
0.5384302,0.534
0.55363,0.438
0.552675,0.434
0.5422554,0.514
0.5532035,0.45
0.5431226,0.466
0.55780447,0.388
0.5502624,0.42
0.5457511,0.43
0.54659903,0.45
0.54709935,0.42
0.55399925,0.43
0.54562867,0.486
0.5490601,0.452
0.5516226,0.408
0.5496003,0.456
0.5438637,0.458
0.5409365,0.494
0.5586331,0.362
0.54933256,0.47
0.54838467,0.446
0.54744583,0.49
0.54870903,0.466
0.5459769,0.472
0.54701513,0.476
0.5433342,0.466
0.54365003,0.472
0.54651517,0.446
0.53877014,0.52
0.5463949,0.49
0.5394303,0.516
0.54198295,0.504
0.5493983,0.46
0.54760057,0.432
0.5495561,0.474
0.53933036,0.5
0.544024,0.516
0.538449,0.514
0.5443662,0.488
0.5469166,0.464
0.5490049,0.464
0.53746986,0.502
0.5477697,0.474
0.549805,0.424
0.54723364,0.476
0.54747146,0.434
0.544954,0.476
0.5419196,0.498
0.54475206,0.456
0.5459716,0.492
0.5549333,0.41
0.54130906,0.486
0.5432001,0.452
0.5462771,0.45
0.5427995,0.496
0.5532983,0.43
0.5363151,0.546
0.54830736,0.44
0.54714906,0.45
0.5394197,0.538
0.54220194,0.486
0.5484914,0.412
0.5429985,0.466
0.54880005,0.454
0.5489384,0.442
0.543172,0.496
0.54422665,0.47
0.542228,0.468
0.54526985,0.498
0.53769106,0.51
0.54784054,0.458
0.54239446,0.498
0.5451626,0.452
0.538987,0.522
0.5521648,0.422
0.5512165,0.412
0.5479541,0.462
0.543395,0.498
0.54164845,0.464
0.54004145,0.486
0.54610795,0.49
0.5420869,0.476
0.53372437,0.55
0.5475864,0.464
0.53806025,0.508
0.5326535,0.546
0.54309565,0.47
0.5454691,0.436
0.5426972,0.484
0.5443723,0.496
0.5378812,0.516
0.5363344,0.544
0.539638,0.498
0.5389375,0.526
0.5434485,0.464
0.5426937,0.478
0.544621,0.472
0.5449969,0.428
0.54353046,0.49
0.5438276,0.43
0.5463982,0.452
0.54889286,0.418
0.54874045,0.46
0.5460957,0.476
0.5384419,0.536
0.54380435,0.482
0.54403,0.468
0.55572146,0.342
0.53852993,0.516
0.53902525,0.482
0.53958565,0.482
0.54892033,0.436
0.54937327,0.376
0.53482985,0.586
0.53625923,0.534
0.5412653,0.462
0.54275,0.484
0.5418631,0.452
0.5360356,0.516
0.53844434,0.49
0.5438911,0.476
0.54543525,0.48
0.5374989,0.516
0.5478725,0.466
0.5389915,0.508
0.5374287,0.496
0.5380826,0.534
0.5420165,0.46
0.54207987,0.518
0.54418147,0.498
0.5437853,0.482
0.5386659,0.508
0.54139966,0.478
0.5412025,0.502
0.5489819,0.432
0.5417384,0.496
0.5371096,0.514
0.53995186,0.474
0.5368599,0.504
0.5451519,0.46
0.54302937,0.46
0.5418734,0.476
0.5424445,0.448
0.5433858,0.462
0.5392463,0.486
0.5349595,0.51
0.5418749,0.46
0.5386394,0.528
0.5410693,0.436
0.5375398,0.526
0.5419509,0.484
0.536038,0.542
0.54161423,0.47
0.54058963,0.492
0.53721577,0.504
0.529558,0.528
0.537264,0.522
0.54403466,0.446
0.5350754,0.546
0.54126596,0.5
0.5351826,0.564
0.5416032,0.466
0.5454013,0.442
0.53930753,0.492
0.54134077,0.522
0.53830796,0.552
0.53928846,0.498
0.54010165,0.516
0.54379094,0.488
0.54073805,0.46
0.5340162,0.512
0.53830695,0.52
0.54211503,0.448
0.54401636,0.464
0.5370878,0.522
0.53689075,0.518
0.5332497,0.542
0.5363047,0.52
0.5350801,0.528
0.5324124,0.524
0.5383461,0.512
0.54054123,0.488
0.5422119,0.468
0.5396685,0.466
0.5313747,0.466
0.5213203,0.49
0.5202207,0.51
0.52439785,0.494
0.52309847,0.49
0.5209866,0.486
0.5267724,0.458
0.5198711,0.544
0.52219415,0.556
0.51737857,0.52
0.5227643,0.508
0.51559085,0.566
0.517586,0.55
0.5219173,0.5
0.5223431,0.498
0.52209806,0.482
0.5263542,0.452
0.5233007,0.442
0.53115636,0.47
0.5226581,0.462
0.5176833,0.462
0.5285944,0.49
0.5185031,0.526
0.51899916,0.488
0.50727344,0.606
0.5178684,0.496
0.5198341,0.468
0.5240076,0.536
0.52493554,0.466
0.5231202,0.49
0.5197888,0.508
0.51802343,0.532
0.519782,0.506
0.5257362,0.494
0.51805043,0.514
0.5240791,0.532
0.52421194,0.494
0.5255993,0.468
0.5191083,0.496
0.5183316,0.506
0.5268131,0.46
0.5235971,0.434
0.51740104,0.514
0.52340794,0.536
0.52611893,0.444
0.520121,0.5
0.5138051,0.536
0.5139424,0.568
0.5254754,0.49
0.51958627,0.514
0.52215844,0.46
0.5215374,0.446
0.52307224,0.462
0.51438725,0.536
0.52864975,0.48
0.51686,0.55
0.5238239,0.486
0.5205003,0.528
0.5157059,0.538
0.51998675,0.528
0.52070063,0.506
0.51603746,0.522
0.5167355,0.514
0.5207652,0.466
0.5266006,0.458
0.5215743,0.498
0.52475846,0.512
0.5254422,0.476
0.51344967,0.546
0.5197294,0.524
0.5174294,0.534
0.5206377,0.502
0.52044857,0.51
0.5217038,0.498
0.52179927,0.438
0.52064735,0.496
0.51618606,0.536
0.5215596,0.496
0.5238407,0.514
0.5257646,0.484
0.51712537,0.522
0.51162064,0.576
0.5106349,0.564
0.51823527,0.542
0.52350163,0.474
0.5105417,0.582
0.5171415,0.548
0.52223134,0.492
0.5150652,0.546
0.5227895,0.5
0.5110468,0.602
0.5120465,0.556
0.51789236,0.55
0.5166619,0.536
0.5186624,0.584
0.51842564,0.52
0.51962924,0.522
0.5145914,0.564
0.5111063,0.576
0.51141423,0.596
0.5208175,0.492
0.51868194,0.502
0.5162392,0.532
0.5224875,0.45
0.5168665,0.516
0.51382494,0.548
0.5174841,0.518
0.51434255,0.594
0.5123331,0.6
0.51615447,0.562
0.511103,0.582
0.5198238,0.478
0.52485377,0.496
0.5189012,0.484
0.5221228,0.476
0.52215916,0.496
0.51683366,0.552
0.5212551,0.482
0.5075705,0.57
0.5181886,0.564
0.51548064,0.57
0.5269262,0.438
0.5181135,0.538
0.5147512,0.566
0.5180234,0.54
0.51172394,0.52
0.5160368,0.508
0.51987064,0.542
0.5143477,0.574
0.52092904,0.502
0.5176327,0.518
0.5227666,0.476
0.5205245,0.494
0.5190292,0.52
0.5001479,0.688
0.5111704,0.572
0.52052915,0.508
0.5146133,0.55
0.51647806,0.498
0.5172832,0.552
0.5220088,0.476
0.52064437,0.512
0.5179499,0.55
0.52306837,0.464
0.5111219,0.606
0.51433355,0.522
0.5225584,0.46
0.5146796,0.542
0.51709104,0.482
0.5106431,0.576
0.5244197,0.506
0.5156676,0.544
0.51564986,0.54
0.523751,0.472
0.5119868,0.58
0.51832825,0.512
0.51425725,0.586
0.5201309,0.526
0.50442404,0.61
0.5102543,0.59
0.5140979,0.522
0.507051,0.61
0.5175325,0.502
0.50990266,0.582
0.5119344,0.55
0.51546484,0.58
0.5109103,0.58
0.5169631,0.506
0.51709193,0.54
0.50963247,0.556
0.5157,0.542
0.51173514,0.546
0.5149558,0.548
0.51442456,0.534
0.51514876,0.512
0.5216338,0.446
0.5068395,0.576
0.5188216,0.526
0.5120658,0.55
0.51476866,0.542
0.5130058,0.558
0.5119562,0.578
0.5113901,0.576
0.51658875,0.524
0.5171042,0.512
0.51279646,0.512
0.5141928,0.566
0.51005304,0.532
0.5153963,0.514
0.5111601,0.592
0.51831913,0.536
0.51899314,0.552
0.5197032,0.456
0.51136434,0.582
0.5119592,0.51
0.5084896,0.528
0.5108628,0.576
0.50782233,0.598
0.51986116,0.512
0.51744,0.518
0.50847787,0.594
0.51215017,0.546
0.5178823,0.494
0.51566124,0.552
0.5105193,0.53
0.5234872,0.488
0.5136319,0.558
0.5161411,0.54
0.51421726,0.558
0.5063285,0.622
0.5133962,0.546
0.51746374,0.55
0.51216125,0.554
0.5170196,0.524
0.5144326,0.544
0.5146531,0.496
0.51841927,0.544
0.5205578,0.502
0.5165179,0.558
0.51762784,0.526
0.5160616,0.572
0.5165825,0.53
0.5060982,0.63
0.5136752,0.584
0.5134647,0.552
0.5136288,0.532
0.5124243,0.566
0.50814575,0.568
0.51366854,0.536
0.5152147,0.504
0.51352507,0.536
0.51466537,0.528
0.5120969,0.564
0.5088586,0.57
0.51133996,0.578
0.5132897,0.556
0.50823396,0.588
0.5060055,0.632
0.5165108,0.524
0.5156941,0.54
0.51161945,0.564
0.5105106,0.584
0.5168525,0.552
0.51675075,0.54
0.512327,0.572
0.5154906,0.512
0.50997376,0.572
0.5188116,0.486
0.5162306,0.552
0.5110508,0.61
0.5121897,0.54
0.5217974,0.504
0.5150135,0.548
0.5077597,0.628
0.5179396,0.512
0.52099836,0.5
0.5233193,0.47
0.51282156,0.558
0.51676744,0.484
0.50778776,0.574
0.52349216,0.444
0.50666076,0.596
0.51117843,0.568
0.51349044,0.524
0.51918375,0.5
0.507917,0.598
0.51471376,0.58
0.5130115,0.576
0.5086311,0.576
0.516544,0.522
0.51438665,0.534
0.5104561,0.542
0.5138717,0.552
0.5161565,0.518
0.5050553,0.642
0.51839453,0.5
0.51144594,0.544
0.50469756,0.616
0.51121473,0.594
0.5134559,0.534
0.5199598,0.514
0.50557065,0.564
0.5185072,0.526
0.505593,0.606
0.50902903,0.598
0.51864153,0.534
0.51297665,0.512
0.51329243,0.484
0.5096176,0.568
0.50798815,0.582
0.51440763,0.56
0.50969934,0.614
0.510338,0.572
0.51177126,0.546
0.51078933,0.546
0.5080509,0.566
0.5060712,0.586
0.51294035,0.534
0.5098601,0.55
0.51362187,0.554
0.5142511,0.55
0.5083437,0.578
0.5149321,0.55
0.50695443,0.562
0.5143864,0.52
0.513722,0.54
0.5104872,0.548
0.51813734,0.516
0.51100683,0.576
0.5064694,0.57
0.5137351,0.558
0.515431,0.54
0.507426,0.58
0.5093162,0.57
0.5116783,0.554
0.5157896,0.528
0.51184255,0.548
0.5075309,0.588
0.51124436,0.546
0.5026975,0.656
0.50333,0.614
0.5096311,0.578
0.5120036,0.54
0.51331717,0.536
0.5063487,0.59
0.51365644,0.576
0.51040226,0.54
0.50356686,0.564
0.5086524,0.572
0.5108114,0.548
0.5063925,0.562
0.5049838,0.604
0.5157438,0.524
0.5075625,0.588
0.5071112,0.57
0.50187975,0.648
0.5098389,0.614
0.5094416,0.59
0.5081558,0.602
0.5091366,0.584
0.5149389,0.564
0.5080699,0.54
0.509084,0.554
0.5058681,0.636
0.50677735,0.586
0.5068969,0.578
0.5037256,0.608
0.5135675,0.526
0.50305045,0.63
0.50674254,0.61
0.51229477,0.566
0.5104856,0.564
0.5047254,0.592
0.5067764,0.634
0.5174943,0.55
0.51669824,0.53
0.5097289,0.604
0.50991887,0.548
0.51659125,0.524
0.5113582,0.57
0.5078588,0.588
0.5138361,0.558
0.50646734,0.574
0.5048555,0.612
0.51362485,0.566
0.5169567,0.522
0.5152272,0.522
0.5173585,0.524
0.5107312,0.546
0.5149491,0.482
0.5050542,0.578
0.5072885,0.594
0.51087123,0.564
0.50470847,0.636
0.5127458,0.578
0.5096999,0.538
0.5060246,0.622
0.51183337,0.538
0.51333725,0.57
0.50260806,0.63
0.5087377,0.576
0.5117124,0.558
0.5121065,0.532
0.51867324,0.488
0.5121623,0.554
0.512029,0.546
0.5136795,0.54
0.51181626,0.552
0.50781286,0.55
0.5096772,0.582
0.5123833,0.536
0.5165524,0.506
0.5129576,0.62
0.50758225,0.614
0.51500964,0.578
0.5134431,0.554
0.5113566,0.556
0.5086774,0.58
0.5064427,0.578
0.5082053,0.58
0.50680584,0.588
0.50767654,0.586
0.5058962,0.6
0.49885535,0.6
0.49991575,0.638
0.50718975,0.586
0.5080774,0.608
0.51060474,0.548
0.51386523,0.53
0.50238943,0.584
0.5071432,0.626
0.5105449,0.532
0.5058739,0.598
0.5022744,0.61
0.5023904,0.614
0.51085246,0.554
0.51162153,0.59
0.5068074,0.594
0.5104131,0.594
0.51482487,0.554
0.50417876,0.614
0.5060115,0.592
0.50631297,0.602
0.50660884,0.582
0.5085723,0.57
0.5079634,0.584
0.50422746,0.588
0.5060842,0.6
0.5052179,0.59
0.4970454,0.652
0.5074458,0.602
0.50943404,0.57
0.4989931,0.638
0.51097655,0.548
0.5128665,0.604
0.50770366,0.584
0.5194347,0.49
0.50706595,0.596
0.5004312,0.616
0.5075125,0.6
0.5062453,0.6
0.5076721,0.598
0.50675625,0.592
0.5169591,0.526
0.506269,0.574
0.5071826,0.576
0.5141357,0.54
0.50906414,0.61
0.5107116,0.576
0.5028166,0.636
0.49364004,0.658
0.5129389,0.542
0.49946535,0.634
0.51081866,0.556
0.5069859,0.584
0.50629383,0.572
0.5062373,0.58
0.51085466,0.546
0.50939864,0.548
0.5095488,0.578
0.50463104,0.584
0.5072564,0.618
0.5106918,0.522
0.4985474,0.648
0.5160042,0.52
0.5078503,0.592
0.50976515,0.534
0.5007295,0.632
0.5075674,0.606
0.5091044,0.564
0.50845104,0.592
0.5123494,0.542
0.5098884,0.604
0.5051532,0.606
0.51369673,0.546
0.5073067,0.608
0.5012098,0.64
0.50630915,0.612
0.5024598,0.644
0.5108974,0.548
0.5046244,0.576
0.50086886,0.646
0.50178385,0.634
0.50072426,0.606
0.5070012,0.626
0.50452536,0.606
0.506608,0.56
0.5073164,0.574
0.5070532,0.632
0.5112873,0.578
0.5091275,0.606
0.5087136,0.564
0.50102884,0.578
0.503399,0.596
0.5030549,0.61
0.49773383,0.636
0.5062188,0.596
0.50947064,0.57
0.4946182,0.654
0.5036968,0.61
0.50076586,0.616
0.501505,0.624
0.5015482,0.646
0.4979998,0.636
0.5039143,0.632
0.50522083,0.63
0.5090457,0.588
0.50381565,0.602
0.5006783,0.614
0.50084037,0.638
0.50693333,0.6
0.51314515,0.502
0.50133485,0.608
0.5081952,0.592
0.50704104,0.582
0.5102601,0.566
0.507076,0.592
0.511184,0.552
0.51318735,0.552
0.50706434,0.606
0.5036111,0.588
0.5040481,0.616
0.5089573,0.56
0.5037385,0.608
0.5054836,0.582
0.5012128,0.602
0.51380515,0.526
0.50004506,0.624
0.500073,0.57
0.50941896,0.548
0.49873227,0.636
0.49686947,0.682
0.5051865,0.566
0.50655526,0.6
0.5007664,0.64
0.51298994,0.544
0.501386,0.632
0.50015557,0.606
0.51282483,0.562
0.50995314,0.56
0.4986666,0.62
0.5008515,0.638
0.5037788,0.608
0.51104295,0.556
0.50487673,0.594
0.50373906,0.656
0.50851625,0.574
0.49816775,0.672
0.5083434,0.608
0.50841105,0.578
0.5075955,0.574
0.5022807,0.618
0.5042689,0.636
0.505039,0.61
0.50033635,0.648
0.50817627,0.586
0.5005101,0.606
0.50815123,0.59
0.50966007,0.57
0.50235885,0.598
0.5076212,0.536
0.50580025,0.598
0.49729648,0.644
0.50240535,0.582
0.5055998,0.586
0.50730944,0.536
0.5104519,0.52
0.5071922,0.566
0.5115127,0.6
0.5064349,0.63
0.5030922,0.626
0.4975305,0.632
0.5066249,0.616
0.5025539,0.606
0.5054799,0.608
0.5071018,0.62
0.5029345,0.6
0.49866498,0.634
0.51123166,0.552
0.5056212,0.606
0.5077167,0.608
0.5033357,0.614
0.5043495,0.606
0.510253,0.576
0.50330025,0.648
0.5055612,0.604
0.5012754,0.608
0.5093985,0.57
0.5025287,0.632
0.50347424,0.636
0.51085573,0.55
0.5050817,0.608
0.50333565,0.64
0.5021786,0.644
0.5023217,0.608
0.49890077,0.616
0.49866027,0.632
0.51033217,0.566
0.5079324,0.558
0.50406957,0.6
0.5069508,0.584
0.50796205,0.54
0.50080353,0.594
0.50556976,0.6
0.5030358,0.628
0.5063813,0.566
0.5018825,0.622
0.49302733,0.662
0.5077881,0.568
0.5023367,0.584
0.5044691,0.598
0.49644488,0.63
0.5146148,0.536
0.5078363,0.578
0.50400907,0.64
0.50804275,0.572
0.5082359,0.602
0.4969605,0.636
0.5081143,0.58
0.49798352,0.64
0.50150734,0.586
0.502462,0.638
0.49969682,0.612
0.5029289,0.626
0.49621648,0.638
0.50991136,0.568
0.50236934,0.626
0.5017531,0.628
0.5086588,0.6
0.5122442,0.528
0.50397784,0.606
0.5091012,0.554
0.4988369,0.61
0.50195724,0.652
0.5033953,0.612
0.5035199,0.582
0.5006762,0.61
0.49472114,0.634
0.5112152,0.54
0.5080982,0.55
0.49523556,0.636
0.4955427,0.642
0.50780183,0.63
0.5032806,0.62
0.5025387,0.582
0.50408083,0.602
0.49898574,0.634
0.4951008,0.68
0.4960887,0.672
0.5095363,0.578
0.506772,0.622
0.4966531,0.704
0.5058766,0.608
0.49938112,0.648
0.49646518,0.644
0.5015484,0.602
0.501304,0.606
0.5026881,0.616
0.49849245,0.62
0.50399846,0.578
0.50403684,0.592
0.49899104,0.646
0.49861014,0.654
0.50427747,0.584
0.49784908,0.662
0.5070397,0.614
0.50547576,0.566
0.502772,0.59
0.50231296,0.632
0.5043259,0.602
0.5010851,0.628
0.50539994,0.636
0.49384677,0.658
0.50367457,0.604
0.50059354,0.6
0.50475234,0.596
0.50497025,0.618
0.5072611,0.614
0.50603795,0.632
0.50487965,0.642
0.5056681,0.588
0.49354237,0.644
0.4955205,0.674
0.4959617,0.688
0.49800283,0.636
0.49944633,0.59
0.504356,0.624
0.4972621,0.668
0.51188755,0.558
0.4993623,0.672
0.5004566,0.628
0.5010817,0.658
0.50128126,0.616
0.4977214,0.652
0.5025934,0.628
0.4927259,0.624
0.50428104,0.6
0.49799457,0.652
0.50490123,0.596
0.50262326,0.608
0.50499386,0.55
0.5005678,0.646
0.50183594,0.624
0.5079908,0.578
0.5050866,0.614
0.50170404,0.616
0.5032016,0.582
0.50142276,0.598
0.49900243,0.622
0.49837163,0.58
0.50444025,0.606
0.49263716,0.672
0.49731705,0.668
0.492546,0.678
0.49992132,0.614
0.49714822,0.68
0.49636653,0.682
0.5051484,0.608
0.4939196,0.668
0.50595355,0.568
0.49953452,0.632
0.5141648,0.566
0.49944362,0.636
0.50239897,0.586
0.5043653,0.552
0.5053887,0.588
0.49976215,0.626
0.49955457,0.606
0.5011964,0.632
0.50457716,0.574
0.502653,0.58
0.50155514,0.604
0.506181,0.572
0.50393206,0.606
0.507196,0.53
0.5034645,0.584
0.5023024,0.616
0.50431436,0.604
0.5015913,0.636
0.5031126,0.61
0.49789676,0.64
0.49936837,0.584
0.5027752,0.63
0.50674254,0.606
0.5008491,0.648
0.50373536,0.594
0.49097863,0.678
0.4954452,0.664
0.5084719,0.598
0.49903548,0.656
0.5099039,0.58
0.49637955,0.672
0.51191765,0.576
0.5120998,0.572
0.5033817,0.586
0.5041632,0.626
0.49970475,0.62
0.50216603,0.582
0.5082189,0.558
0.50002474,0.61
0.5024491,0.63
0.49753934,0.638
0.5031062,0.62
0.505673,0.582
0.4927841,0.684
0.5070165,0.578
0.4954588,0.646
0.50172716,0.602
0.49754524,0.624
0.500835,0.594
0.50161135,0.606
0.51169,0.498
0.49739605,0.662
0.50241035,0.674
0.5005073,0.642
0.5012781,0.606
0.5003376,0.622
0.50649357,0.566
0.50407606,0.6
0.5040392,0.56
0.4941985,0.666
0.501338,0.582
0.5038741,0.624
0.5073006,0.572
0.49106023,0.692
0.49868545,0.614
0.49951887,0.644
0.50667185,0.604
0.5060234,0.536
0.49609813,0.658
0.5018598,0.638
0.50405747,0.592
0.50196606,0.616
0.49533594,0.646
0.49980643,0.662
0.47435862,0.654
0.4793674,0.662
0.4864216,0.61
0.48355746,0.572
0.48663467,0.582
0.4748297,0.658
0.48206902,0.624
0.480594,0.612
0.48038867,0.632
0.4853952,0.596
0.48660514,0.6
0.47039205,0.686
0.48293415,0.638
0.47290343,0.694
0.47025254,0.684
0.47810817,0.666
0.4794904,0.644
0.47593647,0.64
0.4724016,0.684
0.47263417,0.654
0.487159,0.562
0.48151857,0.654
0.48585656,0.6
0.48016846,0.616
0.47669983,0.662
0.47702518,0.656
0.48354927,0.626
0.48225522,0.626
0.4769734,0.644
0.48156673,0.604
0.4815415,0.634
0.4814635,0.576
0.47453406,0.666
0.48047456,0.66
0.47908437,0.648
0.4787523,0.648
0.47893578,0.638
0.48568597,0.6
0.48308316,0.66
0.48075262,0.59
0.47650993,0.674
0.48440668,0.594
0.47407162,0.666
0.4801211,0.632
0.47453973,0.654
0.48126101,0.632
0.48216504,0.628
0.48089096,0.602
0.47524768,0.668
0.4739261,0.67
0.48248026,0.588
0.48271614,0.576
0.4808928,0.598
0.4816265,0.638
0.4847639,0.64
0.48640755,0.578
0.48336768,0.614
0.48052415,0.652
0.47907564,0.64
0.4784745,0.67
0.4801922,0.642
0.4775613,0.666
0.48783442,0.568
0.4816325,0.634
0.4849718,0.572
0.48049784,0.65
0.4790192,0.658
0.4767413,0.638
0.47973844,0.64
0.48631167,0.588
0.4830523,0.596
0.48171464,0.644
0.47236112,0.666
0.4716043,0.676
0.47601253,0.66
0.48432356,0.614
0.48511133,0.622
0.48276222,0.62
0.48198372,0.626
0.48528054,0.626
0.47978818,0.646
0.47869164,0.676
0.48428178,0.6
0.48285878,0.636
0.47971907,0.634
0.47766656,0.652
0.48167133,0.626
0.47407532,0.66
0.4873616,0.598
0.4749024,0.67
0.47910774,0.634
0.4811149,0.622
0.47800532,0.654
0.47827017,0.658
0.47432014,0.646
0.47625738,0.648
0.48292872,0.616
0.48112792,0.628
0.47925195,0.634
0.48025337,0.622
0.4825574,0.64
0.48378113,0.63
0.4812952,0.622
0.48135698,0.62
0.48035195,0.602
0.47391033,0.656
0.48381948,0.632
0.475824,0.66
0.4874146,0.596
0.4783076,0.602
0.47501075,0.676
0.48168668,0.61
0.48185563,0.636
0.4869706,0.618
0.48377952,0.624
0.47449225,0.678
0.48056197,0.638
0.48323822,0.648
0.483704,0.602
0.48116428,0.594
0.48450038,0.586
0.4805315,0.632
0.47537664,0.666
0.48367935,0.606
0.48123747,0.624
0.48273024,0.608
0.48116124,0.614
0.4810598,0.616
0.4778066,0.644
0.48528424,0.582
0.4771101,0.61
0.47490603,0.652
0.47866645,0.634
0.48025945,0.62
0.48101985,0.62
0.4759599,0.672
0.4772105,0.638
0.47980973,0.644
0.47600326,0.626
0.47087976,0.672
0.4816287,0.652
0.47660738,0.654
0.4829581,0.602
0.47268918,0.666
0.47987664,0.666
0.4788309,0.638
0.47798753,0.648
0.4712314,0.722
0.48527855,0.606
0.48512328,0.598
0.47064924,0.7
0.4825433,0.66
0.47868317,0.608
0.4730365,0.648
0.4783507,0.598
0.4812851,0.634
0.47492996,0.684
0.47838938,0.67
0.47886902,0.632
0.4777832,0.628
0.47389916,0.67
0.47177333,0.706
0.48559505,0.604
0.4675586,0.684
0.47683117,0.682
0.4717195,0.69
0.4764581,0.672
0.47763798,0.624
0.47765538,0.634
0.4805553,0.624
0.47262588,0.674
0.4848316,0.57
0.47965518,0.64
0.47913396,0.632
0.47733918,0.696
0.47343045,0.682
0.48506728,0.654
0.47463703,0.668
0.48607638,0.594
0.47044927,0.714
0.47295487,0.706
0.4743237,0.644
0.478296,0.65
0.47431916,0.652
0.4675236,0.716
0.47992492,0.614
0.48688617,0.582
0.48181868,0.606
0.47722363,0.674
0.47488025,0.658
0.47974914,0.62
0.47910264,0.66
0.47655034,0.664
0.4799273,0.606
0.47893336,0.66
0.46881473,0.724
0.47764003,0.668
0.47673786,0.632
0.48009658,0.644
0.47382638,0.658
0.47953576,0.646
0.47880468,0.632
0.48798355,0.582
0.4740599,0.654
0.48300368,0.614
0.47658598,0.674
0.4744303,0.702
0.47793522,0.638
0.4783546,0.654
0.47389296,0.658
0.4731149,0.672
0.47668186,0.658
0.4773494,0.66
0.48402128,0.64
0.48392045,0.594
0.4776089,0.672
0.47104025,0.714
0.48071006,0.634
0.47962967,0.652
0.47590724,0.636
0.48399106,0.618
0.47061014,0.692
0.47105405,0.698
0.4729359,0.66
0.47839826,0.604
0.47731695,0.648
0.4776335,0.646
0.4758445,0.636
0.48116526,0.622
0.48162386,0.59
0.48039243,0.614
0.479222,0.656
0.48098195,0.608
0.47138825,0.698
0.47934797,0.638
0.4760485,0.638
0.4811747,0.628
0.47744542,0.65
0.48139167,0.632
0.4803284,0.63
0.4807672,0.636
0.48852164,0.542
0.47529054,0.668
0.4692978,0.71
0.47246397,0.672
0.47911102,0.648
0.46959344,0.714
0.47805572,0.658
0.48316136,0.628
0.47232944,0.702
0.48507303,0.552
0.47717148,0.674
0.47753316,0.69
0.47739387,0.63
0.470528,0.714
0.47450012,0.664
0.47960144,0.624
0.48054725,0.618
0.4718046,0.676
0.47759506,0.636
0.47792572,0.644
0.46841058,0.714
0.4772639,0.646
0.48422933,0.618
0.4778855,0.664
0.4825242,0.584
0.47613877,0.658
0.479921,0.652
0.4678194,0.694
0.47009775,0.658
0.46928576,0.726
0.47473133,0.678
0.46694878,0.72
0.47548112,0.634
0.47565073,0.64
0.46908402,0.688
0.47641233,0.676
0.47167924,0.688
0.48422554,0.602
0.4739596,0.676
0.47694367,0.66
0.479278,0.662
0.47585016,0.612
0.4698264,0.694
0.48603576,0.612
0.47171342,0.676
0.47020018,0.694
0.47797886,0.65
0.47113812,0.7
0.47361302,0.664
0.48443723,0.604
0.48511127,0.598
0.4664468,0.718
0.47754586,0.662
0.4770361,0.656
0.47454524,0.662
0.47266418,0.706
0.47696713,0.634
0.4811238,0.622
0.48669422,0.554
0.47702572,0.618
0.46604317,0.706
0.4709298,0.682
0.47607163,0.64
0.47594798,0.67
0.48179057,0.612
0.47720322,0.65
0.4783775,0.664
0.48732743,0.584
0.48243895,0.62
0.46815917,0.696
0.47649136,0.652
0.47898123,0.622
0.4738761,0.688
0.47759467,0.662
0.47759587,0.674
0.4776799,0.624
0.48481283,0.588
0.46917248,0.68
0.4702202,0.706
0.4769815,0.662
0.47556272,0.636
0.47391298,0.68
0.47445992,0.652
0.47112012,0.684
0.47410184,0.644
0.4664598,0.724
0.47322786,0.678
0.4716367,0.678
0.47660634,0.676
0.4759605,0.682
0.46987125,0.682
0.47389302,0.662
0.47436795,0.688
0.4784762,0.636
0.47678992,0.664
0.47646874,0.682
0.47996223,0.644
0.47660258,0.67
0.47924218,0.662
0.47749788,0.65
0.48334798,0.614
0.46762782,0.736
0.47843853,0.63
0.46908316,0.652
0.48170823,0.626
0.4796938,0.654
0.47460774,0.664
0.47926524,0.656
0.4719887,0.698
0.47553977,0.654
0.47050506,0.658
0.4738031,0.658
0.47615126,0.646
0.47022343,0.672
0.4660293,0.726
0.4781342,0.63
0.47216266,0.678
0.46624684,0.722
0.46469074,0.718
0.4752996,0.64
0.46978375,0.7
0.48451492,0.59
0.48608226,0.606
0.46223208,0.762
0.46860147,0.706
0.4727335,0.648
0.4809298,0.632
0.46946266,0.698
0.47732997,0.664
0.4751864,0.668
0.47787777,0.648
0.47878137,0.65
0.47520688,0.658
0.475114,0.674
0.47307834,0.622
0.47515944,0.68
0.47216275,0.688
0.47125065,0.662
0.47533908,0.648
0.47534326,0.682
0.47325054,0.718
0.46576118,0.698
0.4715618,0.688
0.47353652,0.648
0.46996382,0.648
0.47455502,0.634
0.47625172,0.648
0.4761236,0.664
0.4659293,0.728
0.4714591,0.68
0.48778787,0.576
0.47540152,0.696
0.4732896,0.714
0.47676182,0.726
0.46808615,0.682
0.4763757,0.638
0.47594023,0.628
0.4712321,0.692
0.47464556,0.696
0.47250628,0.662
0.48000082,0.632
0.4712658,0.724
0.46767926,0.696
0.47658414,0.674
0.47737402,0.66
0.47639984,0.682
0.4809515,0.634
0.46718305,0.7
0.47760752,0.654
0.47089237,0.69
0.48094964,0.614
0.4745127,0.676
0.4657709,0.728
0.47277582,0.66
0.46972093,0.692
0.48364246,0.568
0.4638369,0.726
0.47328097,0.714
0.4823494,0.61
0.4705638,0.664
0.47530925,0.684
0.47220486,0.724
0.4774615,0.628
0.46538064,0.716
0.47304124,0.652
0.46923757,0.656
0.4731824,0.668
0.47453102,0.644
0.4844872,0.602
0.4703063,0.662
0.47574174,0.66
0.47606185,0.646
0.47689804,0.682
0.47730485,0.656
0.46721885,0.724
0.471363,0.714
0.47751877,0.62
0.4795892,0.674
0.4744098,0.746
0.46990994,0.702
0.47276154,0.698
0.4739044,0.67
0.48326263,0.634
0.47504795,0.648
0.47339344,0.648
0.47085536,0.678
0.47219217,0.674
0.46874934,0.672
0.47329617,0.704
0.4669834,0.716
0.478537,0.646
0.4713827,0.692
0.4770177,0.642
0.4795428,0.622
0.48031813,0.592
0.47683355,0.662
0.4692642,0.652
0.4756977,0.662
0.4768381,0.638
0.47556087,0.676
0.46952277,0.704
0.47740626,0.652
0.47773686,0.634
0.47873664,0.64
0.4748467,0.71
0.47603184,0.656
0.47407594,0.678
0.4815676,0.642
0.47371554,0.65
0.47648546,0.676
0.4731059,0.668
0.47462565,0.656
0.4713807,0.68
0.47238302,0.69
0.48091373,0.64
0.48139876,0.616
0.4733691,0.676
0.46331152,0.706
0.46993646,0.668
0.4803812,0.65
0.47108084,0.68
0.47569093,0.658
0.4701493,0.726
0.47062078,0.702
0.46973667,0.688
0.48030984,0.65
0.46848384,0.712
0.47894174,0.638
0.46955642,0.692
0.47298345,0.688
0.46456623,0.708
0.46866336,0.67
0.46793544,0.736
0.48080024,0.59
0.47433648,0.656
0.47040987,0.714
0.4675765,0.682
0.47376812,0.686
0.48804808,0.602
0.4761625,0.674
0.47458014,0.674
0.46362928,0.716
0.4750445,0.68
0.47650075,0.688
0.4729826,0.682
0.4666282,0.708
0.4672818,0.7
0.47154987,0.67
0.47386956,0.664
0.46605402,0.722
0.4679521,0.694
0.47573254,0.656
0.46521917,0.714
0.4678993,0.69
0.4745995,0.682
0.47077903,0.706
0.47455394,0.67
0.46896538,0.652
0.46729586,0.672
0.47180307,0.662
0.4762845,0.612
0.47597376,0.658
0.48005143,0.646
0.4681595,0.698
0.4767527,0.644
0.46960428,0.68
0.4776403,0.666
0.4735056,0.68
0.4719549,0.658
0.4766383,0.662
0.47270042,0.678
0.47695422,0.66
0.47660807,0.674
0.4770316,0.62
0.4729494,0.666
0.47828764,0.642
0.47708762,0.66
0.4771558,0.65
0.46737653,0.75
0.47432384,0.68
0.4771823,0.622
0.4721261,0.676
0.47854704,0.686
0.4691789,0.69
0.47259018,0.69
0.47117996,0.682
0.47307172,0.694
0.4699998,0.702
0.47079784,0.688
0.48232594,0.582
0.48095268,0.648
0.47084168,0.656
0.4757832,0.64
0.47714996,0.632
0.47240722,0.632
0.46667144,0.718
0.46396604,0.742
0.47599915,0.666
0.47995508,0.644
0.4725072,0.646
0.46544585,0.69
0.46355572,0.716
0.4739469,0.656
0.47354573,0.64
0.47385836,0.68
0.4799267,0.622
0.4741759,0.666
0.4736677,0.658
0.4704629,0.686
0.470499,0.646
0.47716352,0.638
0.4779809,0.66
0.4776417,0.616
0.47348198,0.698
0.47290945,0.68
0.46974397,0.696
0.478074,0.66
0.4786876,0.67
0.4719526,0.704
0.46175346,0.736
0.47737038,0.674
0.47406635,0.7
0.4733855,0.688
0.4683752,0.708
0.46941993,0.686
0.4768063,0.69
0.47545195,0.686
0.47117046,0.678
0.4750544,0.606
0.47436637,0.674
0.47585982,0.658
0.47021344,0.68
0.47790593,0.67
0.47206125,0.708
0.47010985,0.716
0.47743657,0.646
0.4736946,0.684
0.47399697,0.646
0.47113162,0.676
0.4659855,0.698
0.47080654,0.662
0.46839333,0.684
0.47653863,0.638
0.47200668,0.652
0.46984115,0.716
0.4755829,0.658
0.4747196,0.638
0.4709541,0.668
0.4693901,0.676
0.47254688,0.684
0.467273,0.696
0.4749765,0.714
0.46702296,0.736
0.46120173,0.75
0.47455072,0.68
0.46986285,0.68
0.4689272,0.66
0.4697289,0.688
0.46628743,0.736
0.48038888,0.656
0.46851596,0.688
0.47290745,0.716
0.47391608,0.68
0.46198362,0.714
0.474115,0.698
0.45882237,0.738
0.471249,0.684
0.46387702,0.736
0.47027528,0.676
0.46562114,0.722
0.4756598,0.664
0.4688126,0.688
0.4657552,0.73
0.48053238,0.598
0.4671838,0.728
